CREATE DATABASE  IF NOT EXISTS `cafe_db_riley` /*!40100 DEFAULT CHARACTER SET utf8mb4 COLLATE utf8mb4_0900_ai_ci */ /*!80016 DEFAULT ENCRYPTION='N' */;
USE `cafe_db_riley`;
-- MySQL dump 10.13  Distrib 8.0.38, for Win64 (x86_64)
--
-- Host: localhost    Database: cafe_db_riley
-- ------------------------------------------------------
-- Server version	9.0.1

/*!40101 SET @OLD_CHARACTER_SET_CLIENT=@@CHARACTER_SET_CLIENT */;
/*!40101 SET @OLD_CHARACTER_SET_RESULTS=@@CHARACTER_SET_RESULTS */;
/*!40101 SET @OLD_COLLATION_CONNECTION=@@COLLATION_CONNECTION */;
/*!50503 SET NAMES utf8 */;
/*!40103 SET @OLD_TIME_ZONE=@@TIME_ZONE */;
/*!40103 SET TIME_ZONE='+00:00' */;
/*!40014 SET @OLD_UNIQUE_CHECKS=@@UNIQUE_CHECKS, UNIQUE_CHECKS=0 */;
/*!40014 SET @OLD_FOREIGN_KEY_CHECKS=@@FOREIGN_KEY_CHECKS, FOREIGN_KEY_CHECKS=0 */;
/*!40101 SET @OLD_SQL_MODE=@@SQL_MODE, SQL_MODE='NO_AUTO_VALUE_ON_ZERO' */;
/*!40111 SET @OLD_SQL_NOTES=@@SQL_NOTES, SQL_NOTES=0 */;

--
-- Table structure for table `customers`
--

DROP TABLE IF EXISTS `customers`;
/*!40101 SET @saved_cs_client     = @@character_set_client */;
/*!50503 SET character_set_client = utf8mb4 */;
CREATE TABLE `customers` (
  `customerID` int NOT NULL AUTO_INCREMENT,
  `firstName` text,
  `lastName` text,
  `phoneNo` text,
  `loyalty_points` int DEFAULT NULL,
  `favorite_product` int DEFAULT '0',
  `birthday` datetime DEFAULT NULL,
  PRIMARY KEY (`customerID`),
  UNIQUE KEY `customerID_UNIQUE` (`customerID`),
  KEY `favorite_product_idx` (`favorite_product`),
  CONSTRAINT `favorite_product` FOREIGN KEY (`favorite_product`) REFERENCES `products` (`productID`)
) ENGINE=InnoDB AUTO_INCREMENT=251 DEFAULT CHARSET=utf8mb4 COLLATE=utf8mb4_0900_ai_ci;
/*!40101 SET character_set_client = @saved_cs_client */;

--
-- Dumping data for table `customers`
--

LOCK TABLES `customers` WRITE;
/*!40000 ALTER TABLE `customers` DISABLE KEYS */;
INSERT INTO `customers` VALUES (1,'Lorinda','Libreros','875-133-9979',537,5,'1999-12-31 00:00:00'),(2,'Candy','Persent','211-301-6928',247,14,'1993-08-19 00:00:00'),(3,'Dwain','Toop','664-847-6570',76,3,'2002-09-26 00:00:00'),(4,'Issiah','Tomaszynski','732-640-1112',247,8,'1998-04-20 00:00:00'),(5,'Regen','Baum','655-167-6884',363,11,'2005-08-12 00:00:00'),(6,'Reg','Pallent','670-873-9426',673,4,'1981-12-28 00:00:00'),(7,'Cissiee','Dransfield','644-939-8849',322,9,'1986-02-05 00:00:00'),(8,'Frans','Guest','350-675-9793',676,9,'1983-07-20 00:00:00'),(9,'Papagena','Presho','568-642-5780',573,3,'1999-08-21 00:00:00'),(10,'Deb','Roll','762-409-8259',638,10,'2002-10-17 00:00:00'),(11,'Wilhelmine','Karleman','427-665-7992',573,2,'1987-03-30 00:00:00'),(12,'Carmella','Sinclar','491-412-2440',102,18,'1986-10-01 00:00:00'),(13,'Maje','Barbary','131-185-9782',85,16,'1986-08-09 00:00:00'),(14,'Ivory','Bubeer','782-738-1866',741,11,'1980-07-21 00:00:00'),(15,'Lanny','Berfoot','997-474-9436',149,10,'1991-03-13 00:00:00'),(16,'Tristan','Schwant','439-393-8183',244,18,'1996-07-28 00:00:00'),(17,'Mandel','Probetts','446-384-3855',645,18,'2006-12-06 00:00:00'),(18,'Boot','Cleugh','941-338-0989',729,12,'1989-06-30 00:00:00'),(19,'Dana','Mundee','720-577-7498',422,4,'1992-09-15 00:00:00'),(20,'Sabrina','Whibley','830-271-6367',690,8,'1991-06-01 00:00:00'),(21,'Loralee','Biddles','823-893-3517',516,20,'1983-10-19 00:00:00'),(22,'Aldwin','Larkings','265-276-1272',254,13,'1987-04-09 00:00:00'),(23,'Alyosha','Yanov','266-921-0895',394,11,'1986-07-24 00:00:00'),(24,'Worthington','Rizzardini','235-820-9525',729,17,'2005-10-07 00:00:00'),(25,'Jacquenette','Mockes','330-614-7039',737,19,'2001-11-19 00:00:00'),(26,'Etan','Ravelus','721-669-7460',754,4,'1995-07-03 00:00:00'),(27,'Pen','Curreen','420-825-2897',42,2,'2007-06-22 00:00:00'),(28,'Ramonda','McElhinney','749-957-6610',677,14,'1990-06-25 00:00:00'),(29,'Roderich','Coppard','909-299-6527',13,13,'2007-04-22 00:00:00'),(30,'Ashlie','Newlove','147-106-7897',677,10,'1989-09-18 00:00:00'),(31,'Misty','Holyland','369-202-3374',253,5,'1984-07-13 00:00:00'),(32,'Ariel','Vanyard','673-953-8847',658,17,'2000-03-29 00:00:00'),(33,'Drusilla','Bome','917-403-1395',427,1,'1983-12-10 00:00:00'),(34,'Yank','Lewinton','890-376-3285',669,6,'1981-01-09 00:00:00'),(35,'Brandice','Darling','533-748-1736',440,19,'1992-01-05 00:00:00'),(36,'Shandra','Pischoff','268-526-3626',551,17,'1993-08-25 00:00:00'),(37,'Morgan','Lakes','194-139-0071',30,16,'1993-09-15 00:00:00'),(38,'Reeba','Ackerman','161-904-1706',469,15,'2003-09-17 00:00:00'),(39,'Brandon','Gorrissen','224-179-8084',526,18,'1999-03-12 00:00:00'),(40,'Shirley','Genty','430-199-6109',129,15,'1985-07-03 00:00:00'),(41,'Christine','Tirone','382-290-2816',375,8,'2003-07-04 00:00:00'),(42,'Fae','Sauvan','859-407-1045',74,10,'2005-05-13 00:00:00'),(43,'Collin','Thunderman','646-821-6219',496,9,'2000-04-29 00:00:00'),(44,'Antonin','Tarver','249-834-2709',129,5,'1981-10-08 00:00:00'),(45,'Lela','Maestrini','130-619-5810',140,17,'1999-07-18 00:00:00'),(46,'Obadias','Pearl','452-670-1750',541,18,'2003-06-08 00:00:00'),(47,'Margit','Verrell','915-788-4215',769,4,'1997-02-14 00:00:00'),(48,'Gianni','Bohan','701-459-4180',135,4,'2001-12-13 00:00:00'),(49,'Caroljean','Hares','459-614-2282',171,20,'1984-02-25 00:00:00'),(50,'Alane','Hardan','894-178-4883',705,18,'1996-03-15 00:00:00'),(51,'Riva','Marzelle','608-422-4514',489,13,'1999-12-13 00:00:00'),(52,'Mel','Baford','853-472-1861',576,17,'1982-08-03 00:00:00'),(53,'Trevor','McNelis','970-599-7873',110,3,'1991-12-06 00:00:00'),(54,'Sallyanne','Fanstone','934-437-7006',96,9,'1987-10-17 00:00:00'),(55,'Jillana','Smitherman','729-767-8189',397,13,'1985-02-18 00:00:00'),(56,'Hewitt','Lipscombe','148-774-4343',668,8,'1992-12-09 00:00:00'),(57,'Artus','McGarrity','499-193-7544',433,11,'1993-12-05 00:00:00'),(58,'Forrest','Corbert','558-783-7231',65,2,'1980-10-16 00:00:00'),(59,'Oliy','Burbury','382-446-6544',83,16,'1986-08-31 00:00:00'),(60,'Wittie','While','297-681-1185',765,12,'1988-01-10 00:00:00'),(61,'Ahmed','Zamora','885-472-5001',487,2,'1984-10-30 00:00:00'),(62,'Geneva','Peschke','208-586-5767',166,18,'2002-03-11 00:00:00'),(63,'Melva','Labrom','131-686-9596',346,18,'1982-07-23 00:00:00'),(64,'Berti','Pattini','226-988-1829',226,14,'2000-05-27 00:00:00'),(65,'Wayland','Joice','825-235-2867',69,6,'2000-07-25 00:00:00'),(66,'Mariel','Kinnaird','568-117-3522',282,17,'1998-11-11 00:00:00'),(67,'Dalenna','Volet','865-604-8483',146,14,'2004-10-09 00:00:00'),(68,'Roman','Litton','252-750-9715',533,6,'1992-12-07 00:00:00'),(69,'Taber','Leimster','457-420-4845',689,13,'1983-01-01 00:00:00'),(70,'Nari','Spurier','646-933-7962',762,8,'1987-09-10 00:00:00'),(71,'Mehetabel','Kanwell','695-240-6415',15,17,'2002-07-07 00:00:00'),(72,'Biron','Jozef','128-492-1010',89,4,'2003-04-22 00:00:00'),(73,'Georgeta','Phipps','430-764-7040',126,5,'2008-01-13 00:00:00'),(74,'Caria','Pennetti','679-696-8995',54,6,'1997-05-14 00:00:00'),(75,'Mamie','Figure','693-833-5902',617,4,'2002-09-10 00:00:00'),(76,'Marguerite','Crome','783-329-4059',164,15,'2000-11-13 00:00:00'),(77,'Sherrie','Juares','240-215-1333',208,16,'1988-11-13 00:00:00'),(78,'Grissel','Krates','888-912-7063',215,1,'1981-09-26 00:00:00'),(79,'Marillin','Bosley','493-730-5891',352,8,'1992-01-20 00:00:00'),(80,'Selinda','Donaldson','426-235-4562',92,19,'2008-10-12 00:00:00'),(81,'Lorine','Laphorn','212-852-3222',699,13,'2004-11-04 00:00:00'),(82,'Ralph','Eberts','901-501-9460',417,1,'1992-12-03 00:00:00'),(83,'Waverly','Waud','536-219-0857',500,11,'1989-10-02 00:00:00'),(84,'Waylin','Dumbrall','172-210-6916',286,19,'1988-01-16 00:00:00'),(85,'Peggy','Sailes','336-674-7155',293,1,'1991-10-06 00:00:00'),(86,'Perri','Mengo','352-139-0034',513,12,'2007-12-03 00:00:00'),(87,'Kayla','Colaco','513-493-5412',273,20,'2006-02-16 00:00:00'),(88,'Sissy','Chaffin','420-708-3962',250,11,'2006-06-05 00:00:00'),(89,'Yale','O\'Lynn','258-337-7456',656,20,'2007-06-10 00:00:00'),(90,'Chicky','Wyd','611-687-7337',443,16,'1989-01-31 00:00:00'),(91,'Elwin','Bagenal','205-836-3798',487,20,'1989-02-06 00:00:00'),(92,'Gilligan','Belding','971-154-8294',199,10,'1983-10-29 00:00:00'),(93,'Jan','Hellard','399-625-5273',488,12,'1997-12-04 00:00:00'),(94,'Mora','Eidler','761-910-5193',347,20,'1995-01-17 00:00:00'),(95,'Cecil','Hould','219-738-5899',416,4,'1981-02-13 00:00:00'),(96,'Hallie','Netherwood','512-524-5699',548,14,'1987-05-19 00:00:00'),(97,'Maggi','Rounsivall','331-337-7594',702,11,'1984-09-03 00:00:00'),(98,'Filmer','Karslake','470-705-6506',61,7,'1990-03-12 00:00:00'),(99,'Louie','Foakes','387-367-2971',687,15,'2006-04-07 00:00:00'),(100,'Eberto','Niess','532-102-5223',497,10,'1995-06-05 00:00:00'),(101,'Dwain','Davis','345-274-4052',274,14,'1986-01-21 00:00:00'),(102,'Dniren','Muckart','976-260-4899',538,20,'1985-01-18 00:00:00'),(103,'Alicea','Barter','185-666-7026',555,14,'1998-10-26 00:00:00'),(104,'Sandie','Benfell','302-266-0804',133,9,'1981-11-21 00:00:00'),(105,'Vida','Bilsborrow','749-234-5007',178,4,'2005-04-21 00:00:00'),(106,'Thebault','Unstead','539-302-0770',401,3,'2003-05-15 00:00:00'),(107,'Norma','Netherwood','961-961-1783',746,8,'2002-09-02 00:00:00'),(108,'Aile','Labdon','256-813-7943',174,19,'1998-02-11 00:00:00'),(109,'Suzy','Jedrzejczak','506-620-3859',542,4,'1985-12-01 00:00:00'),(110,'Whitney','Blue','932-803-3966',49,12,'1990-04-20 00:00:00'),(111,'Rey','Deadman','189-814-2238',657,5,'1997-08-16 00:00:00'),(112,'Bert','Theobalds','732-248-2091',627,12,'1993-01-11 00:00:00'),(113,'Evan','Absolem','290-532-6038',396,10,'1983-10-06 00:00:00'),(114,'Adel','Walls','817-900-0973',392,20,'1989-10-24 00:00:00'),(115,'Ramsay','MacCallum','758-870-2031',98,12,'1992-07-01 00:00:00'),(116,'Caprice','Kilfeather','341-486-3889',666,4,'1985-04-15 00:00:00'),(117,'Evvy','Aldritt','513-979-0466',82,10,'1997-09-12 00:00:00'),(118,'Greta','Gridley','740-646-2109',538,4,'2000-09-14 00:00:00'),(119,'Cooper','Brabin','951-738-8843',221,14,'1991-02-06 00:00:00'),(120,'Daron','Briscoe','868-481-6006',409,14,'2008-09-02 00:00:00'),(121,'Joella','Leeke','664-286-4332',427,4,'1985-08-05 00:00:00'),(122,'Zane','Haseldine','904-572-5962',223,10,'1983-07-02 00:00:00'),(123,'Chrotoem','Krelle','737-374-6402',288,3,'1989-11-05 00:00:00'),(124,'Jeanelle','Bispham','453-205-4741',270,4,'1995-10-02 00:00:00'),(125,'Noble','Seakin','218-783-0241',443,16,'2005-10-18 00:00:00'),(126,'Kalinda','Mathieson','665-200-2117',737,20,'1987-11-14 00:00:00'),(127,'Luis','Fitzsimon','340-826-7501',27,8,'2007-04-08 00:00:00'),(128,'Dav','Cresar','242-521-2829',685,19,'1980-04-03 00:00:00'),(129,'Leoine','Simeons','939-301-9375',372,6,'1996-10-21 00:00:00'),(130,'Lora','Hymas','233-636-4133',689,15,'2007-04-15 00:00:00'),(131,'Tatum','Ryam','551-591-4505',690,15,'1993-03-02 00:00:00'),(132,'Tasia','Hainsworth','483-620-3490',596,6,'2002-03-09 00:00:00'),(133,'Gordie','Conaboy','839-453-5848',386,8,'1995-05-12 00:00:00'),(134,'Rodger','Coggill','867-768-3161',714,16,'1990-02-21 00:00:00'),(135,'Eal','Gwyther','835-973-0160',190,7,'2007-02-26 00:00:00'),(136,'Thomas','Mulholland','932-816-0670',330,14,'1999-03-31 00:00:00'),(137,'Tedi','Pesticcio','961-209-4971',95,5,'1983-04-06 00:00:00'),(138,'Ariela','Fydoe','677-827-7881',328,14,'2008-07-26 00:00:00'),(139,'Boris','Peskett','305-506-0433',234,10,'1995-12-16 00:00:00'),(140,'Arturo','Bartlet','282-744-6742',623,18,'2002-12-04 00:00:00'),(141,'Demott','McKevany','773-191-8135',508,3,'1983-11-04 00:00:00'),(142,'Davy','Gisbey','739-445-3405',614,3,'2006-08-14 00:00:00'),(143,'Myrvyn','Hallihan','535-285-6039',607,1,'1986-11-02 00:00:00'),(144,'Casi','Proudlock','218-208-9207',28,19,'2001-05-09 00:00:00'),(145,'Jimmie','Valentim','760-714-4736',241,7,'2000-05-25 00:00:00'),(146,'Ric','Truder','465-830-6970',645,5,'1982-08-08 00:00:00'),(147,'Town','MacMillan','555-324-5522',128,9,'1982-01-24 00:00:00'),(148,'Mame','Roskell','220-243-8494',712,11,'1986-05-26 00:00:00'),(149,'Miriam','Flett','191-833-1171',550,8,'2008-04-11 00:00:00'),(150,'Fiona','Vearnals','448-191-0373',292,18,'2006-11-02 00:00:00'),(151,'Sibella','Robak','227-196-1772',501,19,'2005-12-10 00:00:00'),(152,'Regan','Kliemke','508-339-4833',424,13,'1985-03-05 00:00:00'),(153,'Pennie','Maren','803-958-0825',153,19,'2002-01-19 00:00:00'),(154,'Hamnet','Bonsul','908-978-2583',786,19,'2007-05-22 00:00:00'),(155,'Ardys','Divisek','902-844-5597',510,6,'1981-04-13 00:00:00'),(156,'Leone','Palethorpe','420-105-9773',1,15,'1998-06-20 00:00:00'),(157,'Ofilia','Bullene','899-523-9332',154,1,'2005-07-28 00:00:00'),(158,'Ayn','Brookzie','951-217-3861',739,20,'1994-01-16 00:00:00'),(159,'Maisie','Hillum','765-713-5400',506,9,'1988-10-10 00:00:00'),(160,'Dorian','Awton','304-835-5342',472,5,'1981-01-13 00:00:00'),(161,'Johnathon','Tomasek','687-832-3401',2,20,'1999-04-25 00:00:00'),(162,'Flora','Coners','116-456-7298',376,15,'1984-03-14 00:00:00'),(163,'Marcellus','Grimolbie','220-220-3868',243,3,'2008-02-27 00:00:00'),(164,'Dionisio','Skoggins','464-649-9691',716,8,'1988-07-30 00:00:00'),(165,'Darline','Broxup','871-412-3008',27,9,'1998-03-26 00:00:00'),(166,'Cybil','Paumier','374-385-8104',675,20,'2008-08-01 00:00:00'),(167,'Geneva','Kingsnod','139-258-3646',267,1,'1990-09-26 00:00:00'),(168,'Bartram','Othen','456-368-9517',536,9,'1989-03-12 00:00:00'),(169,'Sheree','Allabush','362-797-7777',358,9,'1986-03-21 00:00:00'),(170,'Bevin','Strelitzer','480-213-3008',660,5,'1996-04-24 00:00:00'),(171,'Sarine','Egalton','585-386-1880',66,4,'2005-06-01 00:00:00'),(172,'Darcee','Skitteral','564-173-5000',366,8,'1985-07-30 00:00:00'),(173,'Tristan','Wickett','945-261-3975',237,11,'1990-02-23 00:00:00'),(174,'Edee','Roskruge','915-325-9452',162,19,'2005-03-09 00:00:00'),(175,'Norri','Mulryan','606-251-4257',39,12,'1998-05-10 00:00:00'),(176,'Blanch','Santarelli','905-771-4957',43,4,'2006-01-20 00:00:00'),(177,'Christy','Manntschke','214-360-0928',548,19,'1987-08-09 00:00:00'),(178,'Heath','Leavold','899-332-4627',502,6,'1981-04-09 00:00:00'),(179,'Nanny','Streak','283-783-1727',643,8,'2002-03-23 00:00:00'),(180,'Martha','Seman','118-328-3334',77,15,'1993-10-02 00:00:00'),(181,'Quinn','Agney','954-461-1398',38,12,'2000-09-10 00:00:00'),(182,'Anni','Domingues','901-356-0163',377,10,'1984-01-11 00:00:00'),(183,'Dollie','Going','736-797-7199',478,14,'2000-09-23 00:00:00'),(184,'Leda','Warkup','368-596-2671',143,16,'1999-08-13 00:00:00'),(185,'Pierson','Leguey','991-336-5116',690,2,'1996-01-10 00:00:00'),(186,'Kimmie','Littledike','310-915-5558',139,4,'2000-09-05 00:00:00'),(187,'Stephanie','Ciccarello','351-413-2314',286,6,'1984-09-01 00:00:00'),(188,'Raquel','Fillimore','820-171-4786',391,16,'2000-01-23 00:00:00'),(189,'Garrett','Lahive','545-755-3298',27,11,'1984-04-24 00:00:00'),(190,'Timmy','Frazer','814-732-6215',639,7,'1993-06-25 00:00:00'),(191,'Peder','Dowling','768-555-5811',270,15,'1998-11-21 00:00:00'),(192,'Gerrie','Hinkes','510-844-2607',243,13,'1987-04-02 00:00:00'),(193,'Temple','Dorken','518-988-7249',668,3,'1997-10-30 00:00:00'),(194,'Armstrong','Benaine','108-195-0998',31,20,'2002-09-10 00:00:00'),(195,'Minta','Penticoot','484-859-0771',533,2,'1982-03-31 00:00:00'),(196,'Ronnie','Lippini','467-560-2317',101,3,'2004-12-15 00:00:00'),(197,'Jacob','Heugel','608-946-0809',104,16,'2005-07-19 00:00:00'),(198,'Kania','Lisciandro','469-408-7110',554,14,'2004-10-25 00:00:00'),(199,'Bondon','Jarred','610-148-7366',608,19,'2007-02-07 00:00:00'),(200,'Garrott','Fortie','292-683-1068',763,11,'1990-06-06 00:00:00'),(201,'Cherrita','Dofty','221-245-7213',21,17,'1999-07-10 00:00:00'),(202,'Stevy','Royal','233-231-0214',325,18,'1993-06-16 00:00:00'),(203,'Rossy','Lyard','313-646-3685',195,14,'1994-08-09 00:00:00'),(204,'Torr','Karim','826-940-7878',97,12,'1993-10-23 00:00:00'),(205,'Cortney','Ellard','256-622-3467',417,6,'1986-04-02 00:00:00'),(206,'Jeanne','Willshire','740-481-9906',358,5,'1995-11-27 00:00:00'),(207,'Muire','Normadell','870-377-3425',84,18,'2003-06-09 00:00:00'),(208,'Lindy','Scollard','969-816-0722',734,8,'1988-08-02 00:00:00'),(209,'Silvio','Seago','122-222-0146',532,4,'2003-05-28 00:00:00'),(210,'Barb','McKean','904-893-3094',606,15,'1980-09-07 00:00:00'),(211,'Xavier','Chadwin','106-415-2004',224,15,'1982-11-22 00:00:00'),(212,'Dari','Montrose','265-800-9101',102,3,'2004-11-06 00:00:00'),(213,'Rosella','McIlvoray','335-918-5825',467,10,'1996-04-03 00:00:00'),(214,'Rebekkah','Rudall','412-267-2933',54,8,'1997-05-03 00:00:00'),(215,'Reinaldos','Cardinale','360-233-5913',0,19,'2004-08-09 00:00:00'),(216,'Cristobal','De Cruze','550-430-9124',785,2,'2006-02-24 00:00:00'),(217,'Lorrie','Denkin','534-569-6631',376,3,'1999-02-19 00:00:00'),(218,'Basilius','Corzor','982-929-6175',156,9,'1991-02-16 00:00:00'),(219,'Chelsey','Isitt','648-463-9445',743,3,'1993-01-03 00:00:00'),(220,'Jedediah','De Carlo','396-615-2188',418,16,'1998-09-12 00:00:00'),(221,'Dulcy','Pionter','723-227-3552',673,8,'1981-07-04 00:00:00'),(222,'Chere','Brosnan','807-707-7369',776,7,'1992-03-26 00:00:00'),(223,'Ava','Dobel','628-798-2316',439,4,'1988-05-31 00:00:00'),(224,'Devina','Ings','201-470-6019',34,8,'1998-03-05 00:00:00'),(225,'Jerome','Linner','919-699-1895',420,2,'1996-01-30 00:00:00'),(226,'Mic','Karran','725-764-3462',186,2,'2005-05-05 00:00:00'),(227,'Delora','Roder','298-662-6265',29,12,'2002-08-18 00:00:00'),(228,'Elana','Kachel','448-226-5837',741,18,'1985-09-25 00:00:00'),(229,'Netti','Awdry','750-528-4522',375,10,'1992-05-29 00:00:00'),(230,'Martyn','Bromhead','214-533-7498',384,3,'1983-07-14 00:00:00'),(231,'Murielle','Godman','543-651-5102',490,2,'1990-10-30 00:00:00'),(232,'Charo','Iacivelli','803-931-0264',582,5,'2003-11-26 00:00:00'),(233,'Bernelle','Bolstridge','137-628-6872',280,10,'2006-07-16 00:00:00'),(234,'Sigfried','Manolov','688-943-1528',548,14,'1997-03-14 00:00:00'),(235,'Merola','Ellicott','980-310-8852',488,8,'1980-09-13 00:00:00'),(236,'Tabb','Dightham','959-268-3136',68,20,'1993-04-01 00:00:00'),(237,'Alexis','Wyllcocks','913-923-4025',743,5,'1999-10-22 00:00:00'),(238,'Neddie','Honeywood','640-767-4366',752,5,'1992-09-04 00:00:00'),(239,'Maressa','Prout','407-816-5088',790,14,'1981-04-07 00:00:00'),(240,'Dynah','Murray','754-546-5441',180,18,'2007-07-04 00:00:00'),(241,'Salvador','McGill','476-819-2671',541,15,'1988-05-09 00:00:00'),(242,'Ned','Sanja','831-777-6967',201,6,'1984-11-21 00:00:00'),(243,'Janifer','Edy','441-825-2443',611,5,'1995-12-21 00:00:00'),(244,'Jodie','Worsham','294-829-9017',590,3,'1984-01-01 00:00:00'),(245,'Aurelie','Boerder','910-432-7682',641,14,'1983-07-18 00:00:00'),(246,'Johanna','Strafford','591-782-1057',238,7,'1994-01-15 00:00:00'),(247,'Garrott','MacCosty','588-609-2223',762,20,'1993-09-21 00:00:00'),(248,'Nikos','Shailer','610-624-5398',722,10,'2004-02-17 00:00:00'),(249,'Ollie','Emma','692-909-6553',243,12,'2000-04-04 00:00:00'),(250,'Branden','Lambrechts','490-313-9986',584,2,'1994-05-25 00:00:00');
/*!40000 ALTER TABLE `customers` ENABLE KEYS */;
UNLOCK TABLES;

--
-- Table structure for table `employees`
--

DROP TABLE IF EXISTS `employees`;
/*!40101 SET @saved_cs_client     = @@character_set_client */;
/*!50503 SET character_set_client = utf8mb4 */;
CREATE TABLE `employees` (
  `employeeID` int NOT NULL AUTO_INCREMENT,
  `firstName` text,
  `lastName` text,
  `shift_preference` text,
  `employment_type` text,
  `hourly_rate` double DEFAULT NULL,
  `date_of_birth` datetime DEFAULT NULL,
  `email` text,
  `phone_number` text,
  PRIMARY KEY (`employeeID`)
) ENGINE=InnoDB AUTO_INCREMENT=52 DEFAULT CHARSET=utf8mb4 COLLATE=utf8mb4_0900_ai_ci;
/*!40101 SET character_set_client = @saved_cs_client */;

--
-- Dumping data for table `employees`
--

LOCK TABLES `employees` WRITE;
/*!40000 ALTER TABLE `employees` DISABLE KEYS */;
INSERT INTO `employees` VALUES (1,'Rikki','Wims','night','part time',15.37,'1989-01-17 00:00:00','rwims0@dell.com','574-209-1201'),(2,'Clair','Goodered','night','full time',20.89,'1986-02-09 00:00:00','cgoodered1@eepurl.com','367-250-7666'),(3,'Vicki','Roche','night','part time',19.53,'1989-08-26 00:00:00','vroche2@hostgator.com','511-962-9310'),(4,'Winnifred','Pendleton','night','part time',15.56,'1999-08-30 00:00:00','wpendleton3@51.la','596-870-4710'),(5,'Tedra','Crudge','night','full time',39.68,'1992-01-21 00:00:00','tcrudge4@xinhuanet.com','433-332-1263'),(6,'Hendrik','Sammes','night','part time',15.26,'1993-05-29 00:00:00','hsammes5@java.com','643-927-0712'),(7,'Marylee','Larret','night','part time',39.76,'1999-01-22 00:00:00','mlarret6@bbb.org','633-437-6354'),(8,'Pincus','Neasam','night','part time',24.84,'1990-10-30 00:00:00','pneasam7@youku.com','476-913-0941'),(9,'Griffin','Iannuzzi','night','part time',22.47,'1996-06-03 00:00:00','giannuzzi8@creativecommons.org','649-591-1065'),(10,'Aurel','Chittem','day','part time',21.97,'1998-11-12 00:00:00','achittem9@hexun.com','882-117-7557'),(11,'Sigismundo','Ceeley','day','part time',15.78,'1987-04-20 00:00:00','sceeleya@reuters.com','794-442-4003'),(12,'Shay','Ludwig','day','full time',20.41,'1996-07-05 00:00:00','sludwigb@deliciousdays.com','209-410-6872'),(13,'Bryanty','Hartigan','day','part time',16.92,'1995-10-15 00:00:00','bhartiganc@mayoclinic.com','270-243-5928'),(14,'Jewell','Collison','day','part time',30.91,'2003-02-08 00:00:00','jcollisond@sourceforge.net','353-903-6893'),(15,'Emlynne','Radeliffe','day','full time',26.37,'1995-04-09 00:00:00','eradeliffee@mozilla.org','886-866-4322'),(16,'Steve','Abbes','night','part time',20.55,'1993-05-01 00:00:00','sabbesf@walmart.com','449-243-8258'),(17,'Eugenia','Merigeau','day','part time',19.88,'2002-05-17 00:00:00','emerigeaug@printfriendly.com','101-405-7476'),(18,'Angel','Girardi','day','full time',39.3,'1999-07-03 00:00:00','agirardih@csmonitor.com','890-346-6456'),(19,'Lizabeth','Lisamore','night','full time',27.53,'1993-12-29 00:00:00','llisamorei@ucla.edu','462-364-2019'),(20,'Shae','Lenz','day','part time',28.07,'1987-07-11 00:00:00','slenzj@histats.com','855-499-3120'),(21,'Waite','McRobbie','day','full time',18.23,'1994-07-18 00:00:00','wmcrobbiek@cpanel.net','287-818-1595'),(22,'Saloma','Woodyear','day','full time',26.79,'1998-08-11 00:00:00','swoodyearl@howstuffworks.com','745-555-4675'),(23,'Hillery','Pheasant','day','part time',34.91,'1993-11-01 00:00:00','hpheasantm@4shared.com','202-387-0714'),(24,'Jewell','Pellissier','day','part time',39.06,'2001-03-08 00:00:00','jpellissiern@homestead.com','661-616-7473'),(25,'Allison','Ridges','day','full time',31.08,'2001-02-07 00:00:00','aridgeso@hostgator.com','646-658-9973'),(26,'Debby','Saunton','day','part time',26.89,'1996-12-16 00:00:00','dsauntonp@prlog.org','890-296-9723'),(27,'Toby','Buggs','night','full time',31.47,'1993-11-01 00:00:00','tbuggsq@sun.com','317-890-8171'),(28,'Farlie','Ownsworth','day','full time',27.77,'1989-10-19 00:00:00','fownsworthr@freewebs.com','417-829-2266'),(29,'Darcey','Gruszecki','day','part time',38.07,'1986-09-29 00:00:00','dgruszeckis@simplemachines.org','691-136-1106'),(30,'Emmett','Boake','night','part time',28.91,'2002-06-14 00:00:00','eboaket@webmd.com','490-319-3510'),(31,'Bert','Bassil','day','full time',32.28,'1994-07-19 00:00:00','bbassilu@twitter.com','576-632-4723'),(32,'Conchita','Vice','day','part time',15.66,'1998-09-17 00:00:00','cvicev@ameblo.jp','100-250-0256'),(33,'Missy','Will','day','part time',36.98,'2002-09-21 00:00:00','mwillw@globo.com','253-408-5341'),(34,'Wes','Powley','night','part time',34.04,'1996-05-31 00:00:00','wpowleyx@globo.com','462-394-0141'),(35,'Fabien','Donovan','day','full time',19.78,'2000-11-01 00:00:00','fdonovany@google.cn','335-396-5630'),(36,'Sampson','Jablonski','day','full time',28.82,'1999-02-17 00:00:00','sjablonskiz@deviantart.com','245-352-8408'),(37,'Raddie','Roebottom','night','full time',28.42,'1986-05-23 00:00:00','rroebottom10@51.la','182-775-7031'),(38,'Casar','Elington','day','part time',22.66,'1989-11-03 00:00:00','celington11@vinaora.com','771-145-8661'),(39,'Jenn','A\'field','night','full time',20.24,'1985-07-04 00:00:00','jafield12@delicious.com','917-238-0535'),(40,'Owen','MacGrath','night','part time',16.28,'1999-12-27 00:00:00','omacgrath13@marriott.com','523-369-5583'),(41,'Brian','McGuirk','night','part time',32.19,'1986-03-29 00:00:00','bmcguirk14@howstuffworks.com','272-500-6049'),(42,'Hasty','Duthie','day','part time',35.66,'1985-11-26 00:00:00','hduthie15@reference.com','150-929-4232'),(43,'Ida','Balstone','night','part time',17.04,'1989-03-23 00:00:00','ibalstone16@cafepress.com','294-626-8049'),(44,'Anthe','Else','night','part time',16.3,'1998-05-17 00:00:00','aelse17@behance.net','502-582-3688'),(45,'Kathi','Healey','night','part time',24.81,'1995-08-23 00:00:00','khealey18@narod.ru','735-323-1119'),(46,'Lionello','Rysdale','day','full time',36.17,'1999-02-10 00:00:00','lrysdale19@washington.edu','367-235-9939'),(47,'Harriette','Welland','night','part time',32.64,'1994-04-09 00:00:00','hwelland1a@homestead.com','614-286-8110'),(48,'Rosaleen','Francomb','night','part time',16.2,'1994-07-09 00:00:00','rfrancomb1b@archive.org','187-516-9406'),(49,'Demott','Stannard','day','part time',23.93,'1997-04-02 00:00:00','dstannard1c@bloglovin.com','397-501-2099'),(50,'Barby','Nathon','day','full time',32.88,'1996-07-31 00:00:00','bnathon1d@ebay.com','389-563-0809'),(51,'Steve','Rogers','night','full time',20,'1918-07-04 00:00:00','srogers@avengers.com','012-345-789');
/*!40000 ALTER TABLE `employees` ENABLE KEYS */;
UNLOCK TABLES;

--
-- Table structure for table `feedback`
--

DROP TABLE IF EXISTS `feedback`;
/*!40101 SET @saved_cs_client     = @@character_set_client */;
/*!50503 SET character_set_client = utf8mb4 */;
CREATE TABLE `feedback` (
  `feedbackID` int NOT NULL AUTO_INCREMENT,
  `customerID` int DEFAULT NULL,
  `customer_name` text,
  `email` text,
  `date` datetime DEFAULT NULL,
  `score` int DEFAULT NULL,
  `comments` text,
  `overall_experience` text,
  PRIMARY KEY (`feedbackID`),
  KEY `customerID_feedback_idx` (`customerID`),
  CONSTRAINT `customerID_feedback` FOREIGN KEY (`customerID`) REFERENCES `customers` (`customerID`) ON DELETE RESTRICT ON UPDATE RESTRICT
) ENGINE=InnoDB AUTO_INCREMENT=61 DEFAULT CHARSET=utf8mb4 COLLATE=utf8mb4_0900_ai_ci;
/*!40101 SET character_set_client = @saved_cs_client */;

--
-- Dumping data for table `feedback`
--

LOCK TABLES `feedback` WRITE;
/*!40000 ALTER TABLE `feedback` DISABLE KEYS */;
INSERT INTO `feedback` VALUES (1,146,'Rollin Philpin','rphilpin0@360.cn','2022-04-29 00:00:00',2,'Curabitur gravida nisi at nibh. In hac habitasse platea dictumst. Aliquam augue quam, sollicitudin vitae, consectetuer eget, rutrum at, lorem. Integer tincidunt ante vel ipsum. Praesent blandit lacinia erat. Vestibulum sed magna at nunc commodo placerat. Praesent blandit. Nam nulla. Integer pede justo, lacinia eget, tincidunt eget, tempus vel, pede.','Average'),(2,222,'Kristien Sinfield','ksinfield1@miitbeian.gov.cn','2022-08-08 00:00:00',4,'Nam nulla. Integer pede justo, lacinia eget, tincidunt eget, tempus vel, pede.','Good'),(3,76,'Malinda Gerhardt','mgerhardt2@ihg.com','2022-07-26 00:00:00',4,'Praesent id massa id nisl venenatis lacinia. Aenean sit amet justo. Morbi ut odio. Cras mi pede, malesuada in, imperdiet et, commodo vulputate, justo. In blandit ultrices enim.','Good'),(4,57,'Maritsa Fann','mfann3@accuweather.com','2022-08-02 00:00:00',3,'Donec dapibus. Duis at velit eu est congue elementum. In hac habitasse platea dictumst. Morbi vestibulum, velit id pretium iaculis, diam erat fermentum justo, nec condimentum neque sapien placerat ante. Nulla justo. Aliquam quis turpis eget elit sodales scelerisque. Mauris sit amet eros. Suspendisse accumsan tortor quis turpis.','Good'),(5,211,'Barbra Fahrenbach','bfahrenbach4@seesaa.net','2022-11-30 00:00:00',5,'Ut tellus. Nulla ut erat id mauris vulputate elementum. Nullam varius. Nulla facilisi. Cras non velit nec nisi vulputate nonummy.','Excellent'),(6,228,'Jenifer Dodsley','jdodsley5@networksolutions.com','2022-04-07 00:00:00',5,'In blandit ultrices enim. Lorem ipsum dolor sit amet, consectetuer adipiscing elit. Proin interdum mauris non ligula pellentesque ultrices.','Good'),(7,135,'Melanie Bigland','mbigland6@cnet.com','2022-03-24 00:00:00',2,'Mauris lacinia sapien quis libero. Nullam sit amet turpis elementum ligula vehicula consequat.','Poor'),(8,156,'Elissa Pinnick','epinnick7@usatoday.com','2022-12-08 00:00:00',3,'In hac habitasse platea dictumst. Aliquam augue quam, sollicitudin vitae, consectetuer eget, rutrum at, lorem.','Excellent'),(9,90,'Gilles Noddle','gnoddle8@reddit.com','2022-10-15 00:00:00',1,'Nulla ut erat id mauris vulputate elementum. Nullam varius. Nulla facilisi. Cras non velit nec nisi vulputate nonummy. Maecenas tincidunt lacus at velit. Vivamus vel nulla eget eros elementum pellentesque. Quisque porta volutpat erat.','Excellent'),(10,237,'Karolina Bosket','kbosket9@hugedomains.com','2022-05-07 00:00:00',1,'Maecenas tincidunt lacus at velit. Vivamus vel nulla eget eros elementum pellentesque. Quisque porta volutpat erat. Quisque erat eros, viverra eget, congue eget, semper rutrum, nulla. Nunc purus. Phasellus in felis. Donec semper sapien a libero. Nam dui. Proin leo odio, porttitor id, consequat in, consequat ut, nulla. Sed accumsan felis.','Excellent'),(11,57,'Roma Sylvaine','rsylvainea@arizona.edu','2022-05-13 00:00:00',4,'Praesent blandit lacinia erat. Vestibulum sed magna at nunc commodo placerat.','Poor'),(12,121,'Dorine Ismail','dismailb@harvard.edu','2022-02-22 00:00:00',5,'Aenean sit amet justo. Morbi ut odio. Cras mi pede, malesuada in, imperdiet et, commodo vulputate, justo. In blandit ultrices enim.','Poor'),(13,162,'Nola Crosse','ncrossec@de.vu','2022-09-28 00:00:00',4,'Vestibulum ante ipsum primis in faucibus orci luctus et ultrices posuere cubilia Curae; Mauris viverra diam vitae quam. Suspendisse potenti. Nullam porttitor lacus at turpis. Donec posuere metus vitae ipsum. Aliquam non mauris.','Average'),(14,63,'Gigi McKeggie','gmckeggied@biglobe.ne.jp','2022-11-17 00:00:00',2,'Curabitur convallis. Duis consequat dui nec nisi volutpat eleifend. Donec ut dolor. Morbi vel lectus in quam fringilla rhoncus. Mauris enim leo, rhoncus sed, vestibulum sit amet, cursus id, turpis. Integer aliquet, massa id lobortis convallis, tortor risus dapibus augue, vel accumsan tellus nisi eu orci. Mauris lacinia sapien quis libero. Nullam sit amet turpis elementum ligula vehicula consequat. Morbi a ipsum.','Average'),(15,128,'Kent Taunton.','ktauntone@phoca.cz','2022-12-11 00:00:00',4,'Nulla tellus. In sagittis dui vel nisl. Duis ac nibh. Fusce lacus purus, aliquet at, feugiat non, pretium quis, lectus. Suspendisse potenti. In eleifend quam a odio. In hac habitasse platea dictumst. Maecenas ut massa quis augue luctus tincidunt. Nulla mollis molestie lorem. Quisque ut erat.','Excellent'),(16,227,'Philippa Boylin','pboylinf@geocities.com','2022-01-24 00:00:00',3,'Morbi quis tortor id nulla ultrices aliquet.','Excellent'),(17,136,'Tani Keaton','tkeatong@amazon.com','2022-07-01 00:00:00',2,'Cras mi pede, malesuada in, imperdiet et, commodo vulputate, justo. In blandit ultrices enim.','Excellent'),(18,191,'Estella Crocetto','ecrocettoh@biglobe.ne.jp','2022-09-07 00:00:00',2,'Nulla facilisi. Cras non velit nec nisi vulputate nonummy.','Poor'),(19,81,'Taffy Theodore','ttheodorei@dropbox.com','2022-10-02 00:00:00',4,'Nulla mollis molestie lorem. Quisque ut erat. Curabitur gravida nisi at nibh. In hac habitasse platea dictumst. Aliquam augue quam, sollicitudin vitae, consectetuer eget, rutrum at, lorem. Integer tincidunt ante vel ipsum. Praesent blandit lacinia erat. Vestibulum sed magna at nunc commodo placerat. Praesent blandit. Nam nulla.','Good'),(20,42,'Aileen Ort','aortj@wikia.com','2022-04-30 00:00:00',4,'Donec odio justo, sollicitudin ut, suscipit a, feugiat et, eros. Vestibulum ac est lacinia nisi venenatis tristique. Fusce congue, diam id ornare imperdiet, sapien urna pretium nisl, ut volutpat sapien arcu sed augue. Aliquam erat volutpat. In congue.','Average'),(21,31,'Talya Knowller','tknowllerk@scribd.com','2022-03-26 00:00:00',3,'Morbi odio odio, elementum eu, interdum eu, tincidunt in, leo. Maecenas pulvinar lobortis est. Phasellus sit amet erat. Nulla tempus.','Poor'),(22,146,'Mickey Shimmin','mshimminl@irs.gov','2022-09-19 00:00:00',4,'Aliquam sit amet diam in magna bibendum imperdiet. Nullam orci pede, venenatis non, sodales sed, tincidunt eu, felis. Fusce posuere felis sed lacus. Morbi sem mauris, laoreet ut, rhoncus aliquet, pulvinar sed, nisl. Nunc rhoncus dui vel sem. Sed sagittis. Nam congue, risus semper porta volutpat, quam pede lobortis ligula, sit amet eleifend pede libero quis orci. Nullam molestie nibh in lectus.','Average'),(23,97,'Corinne Tack','ctackm@springer.com','2022-12-28 00:00:00',4,'Nulla tempus. Vivamus in felis eu sapien cursus vestibulum. Proin eu mi. Nulla ac enim. In tempor, turpis nec euismod scelerisque, quam turpis adipiscing lorem, vitae mattis nibh ligula nec sem.','Excellent'),(24,27,'Barbey Rapley','brapleyn@bizjournals.com','2022-07-05 00:00:00',3,'In sagittis dui vel nisl. Duis ac nibh. Fusce lacus purus, aliquet at, feugiat non, pretium quis, lectus. Suspendisse potenti. In eleifend quam a odio. In hac habitasse platea dictumst. Maecenas ut massa quis augue luctus tincidunt. Nulla mollis molestie lorem.','Excellent'),(25,64,'Anabella Lissett','alissetto@cnn.com','2022-09-24 00:00:00',3,'Quisque ut erat. Curabitur gravida nisi at nibh. In hac habitasse platea dictumst.','Average'),(26,37,'Meggy Kield','mkieldp@illinois.edu','2022-06-23 00:00:00',3,'Etiam pretium iaculis justo. In hac habitasse platea dictumst. Etiam faucibus cursus urna. Ut tellus. Nulla ut erat id mauris vulputate elementum. Nullam varius. Nulla facilisi. Cras non velit nec nisi vulputate nonummy. Maecenas tincidunt lacus at velit.','Good'),(27,85,'Jeniece McNelis','jmcnelisq@nbcnews.com','2022-12-24 00:00:00',3,'Vivamus in felis eu sapien cursus vestibulum. Proin eu mi. Nulla ac enim. In tempor, turpis nec euismod scelerisque, quam turpis adipiscing lorem, vitae mattis nibh ligula nec sem. Duis aliquam convallis nunc. Proin at turpis a pede posuere nonummy. Integer non velit.','Average'),(28,87,'Myrvyn Corrett','mcorrettr@mlb.com','2022-12-06 00:00:00',3,'Nunc nisl. Duis bibendum, felis sed interdum venenatis, turpis enim blandit mi, in porttitor pede justo eu massa. Donec dapibus. Duis at velit eu est congue elementum.','Poor'),(29,179,'Willdon Callaby','wcallabys@blogtalkradio.com','2022-03-09 00:00:00',5,'Morbi non quam nec dui luctus rutrum. Nulla tellus. In sagittis dui vel nisl.','Average'),(30,23,'Debora Whittingham','dwhittinghamt@oaic.gov.au','2022-07-16 00:00:00',3,'Morbi vestibulum, velit id pretium iaculis, diam erat fermentum justo, nec condimentum neque sapien placerat ante. Nulla justo. Aliquam quis turpis eget elit sodales scelerisque. Mauris sit amet eros. Suspendisse accumsan tortor quis turpis. Sed ante. Vivamus tortor.','Poor'),(31,166,'Rosaline Baukham','rbaukhamu@aol.com','2022-05-10 00:00:00',4,'Nunc purus. Phasellus in felis.','Average'),(32,128,'Zeke Baldelli','zbaldelliv@spiegel.de','2022-10-25 00:00:00',3,'Pellentesque ultrices mattis odio.','Excellent'),(33,211,'Chloris Troughton','ctroughtonw@shinystat.com','2022-03-05 00:00:00',1,'Cras mi pede, malesuada in, imperdiet et, commodo vulputate, justo. In blandit ultrices enim.','Poor'),(34,62,'Nikki Northleigh','nnorthleighx@live.com','2022-06-01 00:00:00',2,'Quisque porta volutpat erat.','Good'),(35,90,'Kimbra Mottini','kmottiniy@dedecms.com','2022-07-08 00:00:00',4,'Fusce consequat. Nulla nisl. Nunc nisl. Duis bibendum, felis sed interdum venenatis, turpis enim blandit mi, in porttitor pede justo eu massa. Donec dapibus. Duis at velit eu est congue elementum. In hac habitasse platea dictumst. Morbi vestibulum, velit id pretium iaculis, diam erat fermentum justo, nec condimentum neque sapien placerat ante. Nulla justo.','Good'),(36,47,'Colette Ghirardi','cghirardiz@sciencedirect.com','2022-02-16 00:00:00',5,'Fusce posuere felis sed lacus. Morbi sem mauris, laoreet ut, rhoncus aliquet, pulvinar sed, nisl. Nunc rhoncus dui vel sem. Sed sagittis. Nam congue, risus semper porta volutpat, quam pede lobortis ligula, sit amet eleifend pede libero quis orci. Nullam molestie nibh in lectus.','Excellent'),(37,118,'Collete Allen','callen10@cloudflare.com','2022-05-17 00:00:00',2,'Praesent id massa id nisl venenatis lacinia. Aenean sit amet justo. Morbi ut odio. Cras mi pede, malesuada in, imperdiet et, commodo vulputate, justo. In blandit ultrices enim. Lorem ipsum dolor sit amet, consectetuer adipiscing elit. Proin interdum mauris non ligula pellentesque ultrices.','Good'),(38,145,'Peri Gentsch','pgentsch11@utexas.edu','2022-04-11 00:00:00',4,'Morbi sem mauris, laoreet ut, rhoncus aliquet, pulvinar sed, nisl. Nunc rhoncus dui vel sem.','Average'),(39,19,'Carroll Dallon','cdallon12@wikimedia.org','2022-09-10 00:00:00',4,'Nunc purus. Phasellus in felis.','Poor'),(40,205,'Liam Berni','lberni13@google.co.uk','2022-06-08 00:00:00',5,'Maecenas tristique, est et tempus semper, est quam pharetra magna, ac consequat metus sapien ut nunc. Vestibulum ante ipsum primis in faucibus orci luctus et ultrices posuere cubilia Curae; Mauris viverra diam vitae quam. Suspendisse potenti. Nullam porttitor lacus at turpis.','Poor'),(41,144,'Jerrome Sweedy','jsweedy14@google.com','2022-11-21 00:00:00',3,'Ut tellus.','Good'),(42,78,'Boyd Tomasik','btomasik15@usatoday.com','2022-06-26 00:00:00',2,'Integer ac neque. Duis bibendum. Morbi non quam nec dui luctus rutrum. Nulla tellus. In sagittis dui vel nisl. Duis ac nibh. Fusce lacus purus, aliquet at, feugiat non, pretium quis, lectus. Suspendisse potenti. In eleifend quam a odio. In hac habitasse platea dictumst.','Good'),(43,86,'Normy Vest','nvest16@symantec.com','2022-08-15 00:00:00',4,'Morbi non quam nec dui luctus rutrum. Nulla tellus. In sagittis dui vel nisl. Duis ac nibh. Fusce lacus purus, aliquet at, feugiat non, pretium quis, lectus.','Average'),(44,28,'Leland Folliott','lfolliott17@goodreads.com','2022-12-27 00:00:00',4,'Cum sociis natoque penatibus et magnis dis parturient montes, nascetur ridiculus mus. Etiam vel augue. Vestibulum rutrum rutrum neque. Aenean auctor gravida sem. Praesent id massa id nisl venenatis lacinia. Aenean sit amet justo. Morbi ut odio.','Good'),(45,169,'Clay Goggan','cgoggan18@bbc.co.uk','2022-06-05 00:00:00',2,'Vestibulum sed magna at nunc commodo placerat. Praesent blandit. Nam nulla. Integer pede justo, lacinia eget, tincidunt eget, tempus vel, pede. Morbi porttitor lorem id ligula. Suspendisse ornare consequat lectus.','Poor'),(46,185,'Mendy Manifold','mmanifold19@oracle.com','2022-01-01 00:00:00',1,'Maecenas leo odio, condimentum id, luctus nec, molestie sed, justo. Pellentesque viverra pede ac diam. Cras pellentesque volutpat dui. Maecenas tristique, est et tempus semper, est quam pharetra magna, ac consequat metus sapien ut nunc. Vestibulum ante ipsum primis in faucibus orci luctus et ultrices posuere cubilia Curae; Mauris viverra diam vitae quam. Suspendisse potenti. Nullam porttitor lacus at turpis.','Poor'),(47,73,'Benedikta Oakenfall','boakenfall1a@bloomberg.com','2022-07-04 00:00:00',2,'Morbi sem mauris, laoreet ut, rhoncus aliquet, pulvinar sed, nisl.','Good'),(48,222,'Orion O\' Cloney','oo1b@nyu.edu','2022-09-12 00:00:00',2,'In sagittis dui vel nisl. Duis ac nibh. Fusce lacus purus, aliquet at, feugiat non, pretium quis, lectus. Suspendisse potenti. In eleifend quam a odio. In hac habitasse platea dictumst. Maecenas ut massa quis augue luctus tincidunt. Nulla mollis molestie lorem. Quisque ut erat. Curabitur gravida nisi at nibh.','Poor'),(49,171,'Moyra Zamorrano','mzamorrano1c@pbs.org','2022-10-19 00:00:00',2,'Nullam porttitor lacus at turpis. Donec posuere metus vitae ipsum. Aliquam non mauris. Morbi non lectus. Aliquam sit amet diam in magna bibendum imperdiet.','Excellent'),(50,196,'Haze Ollivierre','hollivierre1d@google.co.uk','2022-03-10 00:00:00',1,'Sed sagittis. Nam congue, risus semper porta volutpat, quam pede lobortis ligula, sit amet eleifend pede libero quis orci. Nullam molestie nibh in lectus. Pellentesque at nulla.','Good'),(51,157,'Donal Dix','ddix1e@dedecms.com','2022-07-02 00:00:00',5,'Morbi vel lectus in quam fringilla rhoncus. Mauris enim leo, rhoncus sed, vestibulum sit amet, cursus id, turpis. Integer aliquet, massa id lobortis convallis, tortor risus dapibus augue, vel accumsan tellus nisi eu orci. Mauris lacinia sapien quis libero. Nullam sit amet turpis elementum ligula vehicula consequat. Morbi a ipsum.','Excellent'),(52,75,'Orelie Sear','osear1f@fc2.com','2022-05-08 00:00:00',4,'Cras non velit nec nisi vulputate nonummy. Maecenas tincidunt lacus at velit. Vivamus vel nulla eget eros elementum pellentesque. Quisque porta volutpat erat. Quisque erat eros, viverra eget, congue eget, semper rutrum, nulla. Nunc purus. Phasellus in felis. Donec semper sapien a libero.','Poor'),(53,72,'Harmonie Rean','hrean1g@mayoclinic.com','2022-04-15 00:00:00',3,'Nullam orci pede, venenatis non, sodales sed, tincidunt eu, felis. Fusce posuere felis sed lacus. Morbi sem mauris, laoreet ut, rhoncus aliquet, pulvinar sed, nisl. Nunc rhoncus dui vel sem. Sed sagittis. Nam congue, risus semper porta volutpat, quam pede lobortis ligula, sit amet eleifend pede libero quis orci.','Excellent'),(54,64,'Devlen Leyrroyd','dleyrroyd1h@zdnet.com','2022-03-19 00:00:00',2,'Cum sociis natoque penatibus et magnis dis parturient montes, nascetur ridiculus mus. Vivamus vestibulum sagittis sapien. Cum sociis natoque penatibus et magnis dis parturient montes, nascetur ridiculus mus. Etiam vel augue. Vestibulum rutrum rutrum neque. Aenean auctor gravida sem. Praesent id massa id nisl venenatis lacinia. Aenean sit amet justo. Morbi ut odio. Cras mi pede, malesuada in, imperdiet et, commodo vulputate, justo.','Excellent'),(55,9,'Loria McCorley','lmccorley1i@reddit.com','2022-11-20 00:00:00',1,'Donec ut mauris eget massa tempor convallis.','Poor'),(56,148,'Vinita Jeannequin','vjeannequin1j@mapquest.com','2022-08-10 00:00:00',1,'Duis at velit eu est congue elementum. In hac habitasse platea dictumst. Morbi vestibulum, velit id pretium iaculis, diam erat fermentum justo, nec condimentum neque sapien placerat ante. Nulla justo. Aliquam quis turpis eget elit sodales scelerisque.','Good'),(57,24,'Nicolle Guiet','nguiet1k@friendfeed.com','2022-05-16 00:00:00',1,'Donec ut dolor. Morbi vel lectus in quam fringilla rhoncus. Mauris enim leo, rhoncus sed, vestibulum sit amet, cursus id, turpis. Integer aliquet, massa id lobortis convallis, tortor risus dapibus augue, vel accumsan tellus nisi eu orci. Mauris lacinia sapien quis libero. Nullam sit amet turpis elementum ligula vehicula consequat. Morbi a ipsum. Integer a nibh.','Poor'),(58,168,'Wynny Seaward','wseaward1l@a8.net','2022-09-18 00:00:00',5,'Vivamus vel nulla eget eros elementum pellentesque.','Excellent'),(59,11,'Mehetabel Gallamore','mgallamore1m@google.fr','2022-11-05 00:00:00',5,'Vestibulum ante ipsum primis in faucibus orci luctus et ultrices posuere cubilia Curae; Mauris viverra diam vitae quam. Suspendisse potenti. Nullam porttitor lacus at turpis. Donec posuere metus vitae ipsum. Aliquam non mauris. Morbi non lectus. Aliquam sit amet diam in magna bibendum imperdiet. Nullam orci pede, venenatis non, sodales sed, tincidunt eu, felis. Fusce posuere felis sed lacus. Morbi sem mauris, laoreet ut, rhoncus aliquet, pulvinar sed, nisl.','Good'),(60,212,'Elna Summerlie','esummerlie1n@soundcloud.com','2022-02-25 00:00:00',4,'Morbi non lectus. Aliquam sit amet diam in magna bibendum imperdiet. Nullam orci pede, venenatis non, sodales sed, tincidunt eu, felis. Fusce posuere felis sed lacus. Morbi sem mauris, laoreet ut, rhoncus aliquet, pulvinar sed, nisl. Nunc rhoncus dui vel sem. Sed sagittis. Nam congue, risus semper porta volutpat, quam pede lobortis ligula, sit amet eleifend pede libero quis orci. Nullam molestie nibh in lectus. Pellentesque at nulla.','Poor');
/*!40000 ALTER TABLE `feedback` ENABLE KEYS */;
UNLOCK TABLES;

--
-- Table structure for table `inventory`
--

DROP TABLE IF EXISTS `inventory`;
/*!40101 SET @saved_cs_client     = @@character_set_client */;
/*!50503 SET character_set_client = utf8mb4 */;
CREATE TABLE `inventory` (
  `inventoryName` varchar(20) NOT NULL,
  `remaining_quantity` int DEFAULT NULL,
  `reorderThreshold` int DEFAULT NULL,
  PRIMARY KEY (`inventoryName`),
  UNIQUE KEY `inventoryName_UNIQUE` (`inventoryName`)
) ENGINE=InnoDB DEFAULT CHARSET=utf8mb4 COLLATE=utf8mb4_0900_ai_ci;
/*!40101 SET character_set_client = @saved_cs_client */;

--
-- Dumping data for table `inventory`
--

LOCK TABLES `inventory` WRITE;
/*!40000 ALTER TABLE `inventory` DISABLE KEYS */;
INSERT INTO `inventory` VALUES ('butter',800,107),('chocolate',447,200),('cinnamon',887,100),('cleaning supplies',903,35),('cocoa powder',471,9),('coffee beans',244,87),('cups',231,53),('eggs',984,128),('flour',863,47),('fruit',62,50),('honey',788,166),('lemons',961,186),('milk',758,195),('milk frother',451,36),('mixing bowls',28,180),('nuts',396,52),('pastry brush',544,185),('straws',424,141),('sugar',6,24),('tea',756,162),('utensils',355,80),('vanilla',984,101),('whipped cream',980,9);
/*!40000 ALTER TABLE `inventory` ENABLE KEYS */;
UNLOCK TABLES;

--
-- Table structure for table `orders`
--

DROP TABLE IF EXISTS `orders`;
/*!40101 SET @saved_cs_client     = @@character_set_client */;
/*!50503 SET character_set_client = utf8mb4 */;
CREATE TABLE `orders` (
  `orderID` int NOT NULL AUTO_INCREMENT,
  `customerID` int DEFAULT NULL,
  `employeeID` int DEFAULT NULL,
  `productID` int DEFAULT NULL,
  `total_amount` double DEFAULT NULL,
  `loyalty` int DEFAULT NULL,
  `date_order` datetime DEFAULT NULL,
  PRIMARY KEY (`orderID`),
  KEY `customerID_order_idx` (`customerID`),
  KEY `employeeID_order_idx` (`employeeID`),
  CONSTRAINT `customerID_order` FOREIGN KEY (`customerID`) REFERENCES `customers` (`customerID`),
  CONSTRAINT `employeeID_order` FOREIGN KEY (`employeeID`) REFERENCES `employees` (`employeeID`)
) ENGINE=InnoDB AUTO_INCREMENT=201 DEFAULT CHARSET=utf8mb4 COLLATE=utf8mb4_0900_ai_ci;
/*!40101 SET character_set_client = @saved_cs_client */;

--
-- Dumping data for table `orders`
--

LOCK TABLES `orders` WRITE;
/*!40000 ALTER TABLE `orders` DISABLE KEYS */;
INSERT INTO `orders` VALUES (1,142,15,11,10.53,11,'2022-07-10 00:00:00'),(2,131,7,12,25.37,25,'2022-07-02 00:00:00'),(3,167,28,17,20.07,20,'2022-07-01 00:00:00'),(4,21,38,2,7.8,8,'2022-07-08 00:00:00'),(5,138,15,5,20.31,20,'2022-07-07 00:00:00'),(6,53,8,20,22.77,23,'2022-07-06 00:00:00'),(7,89,12,9,9.22,9,'2022-07-02 00:00:00'),(8,133,5,15,25.15,25,'2022-07-12 00:00:00'),(9,14,39,11,25.17,25,'2022-07-07 00:00:00'),(10,129,30,2,5.03,5,'2022-07-12 00:00:00'),(11,111,32,7,24.23,24,'2022-07-06 00:00:00'),(12,108,17,3,5.94,6,'2022-07-10 00:00:00'),(13,37,22,18,19.7,20,'2022-07-05 00:00:00'),(14,184,43,16,20.92,21,'2022-07-12 00:00:00'),(15,30,28,20,19.64,20,'2022-07-04 00:00:00'),(16,88,14,16,6.03,6,'2022-07-06 00:00:00'),(17,220,22,4,13.73,14,'2022-07-06 00:00:00'),(18,62,14,5,17.36,17,'2022-07-01 00:00:00'),(19,49,47,12,8.82,9,'2022-07-13 00:00:00'),(20,163,12,11,24.73,25,'2022-07-04 00:00:00'),(21,217,43,19,23.48,23,'2022-07-12 00:00:00'),(22,230,24,9,6.08,6,'2022-07-11 00:00:00'),(23,127,41,3,17.2,17,'2022-07-06 00:00:00'),(24,145,46,2,7.19,7,'2022-07-04 00:00:00'),(25,203,17,5,13.24,13,'2022-07-07 00:00:00'),(26,1,13,16,20.66,21,'2022-07-12 00:00:00'),(27,159,26,15,21.39,21,'2022-07-02 00:00:00'),(28,175,37,12,8.67,9,'2022-07-09 00:00:00'),(29,56,7,5,13.24,13,'2022-07-11 00:00:00'),(30,231,45,18,12.56,13,'2022-07-05 00:00:00'),(31,90,9,11,15.69,16,'2022-07-07 00:00:00'),(32,136,12,14,5.85,6,'2022-07-05 00:00:00'),(33,57,44,6,17.78,18,'2022-07-13 00:00:00'),(34,68,21,20,25.04,25,'2022-07-11 00:00:00'),(35,102,42,7,12.81,13,'2022-07-12 00:00:00'),(36,148,50,4,19.74,20,'2022-07-06 00:00:00'),(37,9,38,15,21.05,21,'2022-07-01 00:00:00'),(38,192,12,9,19.41,19,'2022-07-11 00:00:00'),(39,165,4,3,19.6,20,'2022-07-01 00:00:00'),(40,62,40,19,11.68,12,'2022-07-06 00:00:00'),(41,101,15,8,18.56,19,'2022-07-02 00:00:00'),(42,167,40,8,11.99,12,'2022-07-04 00:00:00'),(43,179,15,11,23.74,24,'2022-07-02 00:00:00'),(44,244,37,17,12.6,13,'2022-07-05 00:00:00'),(45,66,15,19,15.48,15,'2022-07-05 00:00:00'),(46,95,48,9,17.91,18,'2022-07-02 00:00:00'),(47,163,4,9,11.15,11,'2022-07-01 00:00:00'),(48,42,2,14,28.9,29,'2022-07-10 00:00:00'),(49,14,20,10,14.99,15,'2022-07-11 00:00:00'),(50,240,50,11,22.08,22,'2022-07-08 00:00:00'),(51,100,40,3,26.37,26,'2022-07-08 00:00:00'),(52,191,33,14,6.79,7,'2022-07-10 00:00:00'),(53,169,17,12,29.79,30,'2022-07-07 00:00:00'),(54,61,35,13,15.92,16,'2022-07-08 00:00:00'),(55,241,28,14,24.5,25,'2022-07-05 00:00:00'),(56,78,11,19,10.27,10,'2022-07-08 00:00:00'),(57,30,33,20,26.16,26,'2022-07-01 00:00:00'),(58,195,37,15,23.12,23,'2022-07-01 00:00:00'),(59,152,40,6,10.81,11,'2022-07-05 00:00:00'),(60,75,3,6,28.43,28,'2022-07-06 00:00:00'),(61,195,6,4,15.01,15,'2022-07-08 00:00:00'),(62,193,21,16,16.08,16,'2022-07-04 00:00:00'),(63,59,39,10,19.95,20,'2022-07-11 00:00:00'),(64,44,24,17,7.5,8,'2022-07-05 00:00:00'),(65,149,1,19,9.87,10,'2022-07-13 00:00:00'),(66,229,45,20,12.23,12,'2022-07-10 00:00:00'),(67,83,1,6,14.77,15,'2022-07-12 00:00:00'),(68,201,10,7,13.22,13,'2022-07-07 00:00:00'),(69,113,18,3,19.43,19,'2022-07-11 00:00:00'),(70,128,34,4,7.68,8,'2022-07-01 00:00:00'),(71,123,1,20,16.43,16,'2022-07-09 00:00:00'),(72,217,5,11,14.66,15,'2022-07-01 00:00:00'),(73,12,4,18,23.53,24,'2022-07-01 00:00:00'),(74,145,39,11,24.91,25,'2022-07-07 00:00:00'),(75,7,1,20,14.65,15,'2022-07-13 00:00:00'),(76,12,40,10,16.6,17,'2022-07-13 00:00:00'),(77,193,4,17,12.98,13,'2022-07-06 00:00:00'),(78,20,30,5,27.46,27,'2022-07-12 00:00:00'),(79,71,8,10,10.81,11,'2022-07-09 00:00:00'),(80,230,13,12,23.73,24,'2022-07-13 00:00:00'),(81,249,29,20,10.25,10,'2022-07-02 00:00:00'),(82,127,8,14,20.75,21,'2022-07-11 00:00:00'),(83,34,32,18,11,11,'2022-07-02 00:00:00'),(84,3,18,18,20.2,20,'2022-07-09 00:00:00'),(85,93,24,3,28.89,29,'2022-07-08 00:00:00'),(86,224,5,4,8.89,9,'2022-07-12 00:00:00'),(87,112,19,20,8.98,9,'2022-07-08 00:00:00'),(88,110,25,5,11.52,12,'2022-07-10 00:00:00'),(89,28,17,16,20.67,21,'2022-07-05 00:00:00'),(90,201,36,17,29.18,29,'2022-07-09 00:00:00'),(91,201,19,4,20.85,21,'2022-07-08 00:00:00'),(92,60,21,11,5.5,6,'2022-07-05 00:00:00'),(93,69,49,18,19.06,19,'2022-07-05 00:00:00'),(94,49,20,2,22.2,22,'2022-07-08 00:00:00'),(95,187,9,12,15.63,16,'2022-07-07 00:00:00'),(96,21,23,10,20.46,20,'2022-07-01 00:00:00'),(97,200,40,5,25.04,25,'2022-07-06 00:00:00'),(98,88,6,9,28.62,29,'2022-07-01 00:00:00'),(99,186,28,5,29.77,30,'2022-07-07 00:00:00'),(100,242,6,5,16.87,17,'2022-07-09 00:00:00'),(101,28,37,14,12.2,12,'2022-07-04 00:00:00'),(102,155,46,2,25.43,25,'2022-07-07 00:00:00'),(103,99,16,20,7.9,8,'2022-07-10 00:00:00'),(104,109,39,20,22.41,22,'2022-07-02 00:00:00'),(105,168,19,1,10.06,10,'2022-07-02 00:00:00'),(106,3,41,14,12.8,13,'2022-07-08 00:00:00'),(107,84,13,19,14.12,14,'2022-07-10 00:00:00'),(108,65,7,15,5.78,6,'2022-07-03 00:00:00'),(109,58,16,4,9.34,9,'2022-07-09 00:00:00'),(110,100,38,1,16.23,16,'2022-07-02 00:00:00'),(111,18,24,5,28.21,28,'2022-07-12 00:00:00'),(112,34,42,16,7.51,8,'2022-07-12 00:00:00'),(113,206,45,5,22.24,22,'2022-07-06 00:00:00'),(114,210,25,2,5.89,6,'2022-07-08 00:00:00'),(115,10,33,14,17.48,17,'2022-07-03 00:00:00'),(116,21,47,3,23.03,23,'2022-07-09 00:00:00'),(117,41,43,11,13.09,13,'2022-07-08 00:00:00'),(118,209,36,11,27.76,28,'2022-07-09 00:00:00'),(119,95,36,6,13.51,14,'2022-07-01 00:00:00'),(120,248,36,12,5.26,5,'2022-07-03 00:00:00'),(121,41,22,8,6.16,6,'2022-07-10 00:00:00'),(122,76,43,17,19.18,19,'2022-07-06 00:00:00'),(123,92,24,18,8.51,9,'2022-07-04 00:00:00'),(124,213,10,20,11.61,12,'2022-07-04 00:00:00'),(125,60,47,4,12.01,12,'2022-07-12 00:00:00'),(126,183,41,9,15.84,16,'2022-07-11 00:00:00'),(127,117,37,19,5.65,6,'2022-07-09 00:00:00'),(128,229,45,16,7.14,7,'2022-07-09 00:00:00'),(129,3,32,13,23.3,23,'2022-07-03 00:00:00'),(130,240,44,19,12.09,12,'2022-07-11 00:00:00'),(131,139,26,17,21.92,22,'2022-07-05 00:00:00'),(132,134,36,14,25.54,26,'2022-07-01 00:00:00'),(133,127,13,16,13.38,13,'2022-07-11 00:00:00'),(134,237,23,12,19.77,20,'2022-07-02 00:00:00'),(135,7,33,2,5.32,5,'2022-07-08 00:00:00'),(136,165,49,8,15.33,15,'2022-07-10 00:00:00'),(137,134,34,17,17.64,18,'2022-07-13 00:00:00'),(138,249,7,8,25.58,26,'2022-07-12 00:00:00'),(139,167,47,13,29.31,29,'2022-07-11 00:00:00'),(140,77,41,20,15.24,15,'2022-07-13 00:00:00'),(141,204,36,13,18.76,19,'2022-07-01 00:00:00'),(142,100,9,5,6.06,6,'2022-07-03 00:00:00'),(143,2,14,2,27.92,28,'2022-07-03 00:00:00'),(144,250,49,7,18.11,18,'2022-07-06 00:00:00'),(145,104,19,19,6.84,7,'2022-07-13 00:00:00'),(146,86,14,8,12.51,13,'2022-07-04 00:00:00'),(147,82,48,3,27.81,28,'2022-07-06 00:00:00'),(148,133,5,15,25.95,26,'2022-07-12 00:00:00'),(149,25,50,6,22.51,23,'2022-07-06 00:00:00'),(150,31,47,10,8.34,8,'2022-07-09 00:00:00'),(151,46,5,17,12.83,13,'2022-07-09 00:00:00'),(152,183,36,9,5.68,6,'2022-07-12 00:00:00'),(153,247,27,10,13.48,13,'2022-07-04 00:00:00'),(154,188,9,18,20.84,21,'2022-07-08 00:00:00'),(155,147,17,5,6,6,'2022-07-01 00:00:00'),(156,181,19,18,20.01,20,'2022-07-12 00:00:00'),(157,67,39,4,16.71,17,'2022-07-10 00:00:00'),(158,136,2,15,19.76,20,'2022-07-09 00:00:00'),(159,7,4,13,19.02,19,'2022-07-07 00:00:00'),(160,223,40,7,27.87,28,'2022-07-13 00:00:00'),(161,189,20,18,10.82,11,'2022-07-02 00:00:00'),(162,149,35,18,9.06,9,'2022-07-11 00:00:00'),(163,193,35,20,19.91,20,'2022-07-01 00:00:00'),(164,201,29,1,22.95,23,'2022-07-02 00:00:00'),(165,61,20,1,11.72,12,'2022-07-05 00:00:00'),(166,1,10,10,20.47,20,'2022-07-06 00:00:00'),(167,239,3,5,20.65,21,'2022-07-04 00:00:00'),(168,240,45,2,12.9,13,'2022-07-02 00:00:00'),(169,68,18,6,28.2,28,'2022-07-07 00:00:00'),(170,124,38,2,25.13,25,'2022-07-03 00:00:00'),(171,1,48,19,12.72,13,'2022-07-06 00:00:00'),(172,230,6,13,18.13,18,'2022-07-02 00:00:00'),(173,34,47,11,10.97,11,'2022-07-11 00:00:00'),(174,23,14,10,26.06,26,'2022-07-09 00:00:00'),(175,132,24,3,21.9,22,'2022-07-04 00:00:00'),(176,70,10,11,17.37,17,'2022-07-01 00:00:00'),(177,216,38,17,9.88,10,'2022-07-02 00:00:00'),(178,216,39,7,20.35,20,'2022-07-08 00:00:00'),(179,188,43,4,23.16,23,'2022-07-07 00:00:00'),(180,1,14,2,24.67,25,'2022-07-13 00:00:00'),(181,125,11,16,24.27,24,'2022-07-12 00:00:00'),(182,203,37,11,10.25,10,'2022-07-05 00:00:00'),(183,172,33,6,16.3,16,'2022-07-02 00:00:00'),(184,90,46,2,28.74,29,'2022-07-11 00:00:00'),(185,26,27,13,24.97,25,'2022-07-01 00:00:00'),(186,37,27,7,23.25,23,'2022-07-05 00:00:00'),(187,26,40,5,6.31,6,'2022-07-11 00:00:00'),(188,1,26,3,11.85,12,'2022-07-08 00:00:00'),(189,95,39,18,7.9,8,'2022-07-09 00:00:00'),(190,96,39,1,24.28,24,'2022-07-01 00:00:00'),(191,221,11,14,6.54,7,'2022-07-02 00:00:00'),(192,220,7,5,23.3,23,'2022-07-01 00:00:00'),(193,206,33,9,15.96,16,'2022-07-06 00:00:00'),(194,89,26,19,17.44,17,'2022-07-12 00:00:00'),(195,169,7,7,22.91,23,'2022-07-06 00:00:00'),(196,97,34,1,7.43,7,'2022-07-07 00:00:00'),(197,220,2,9,17.37,17,'2022-07-01 00:00:00'),(198,69,37,10,12.79,13,'2022-07-11 00:00:00'),(199,91,7,9,11.22,11,'2022-07-03 00:00:00'),(200,134,48,12,19.64,20,'2022-07-06 00:00:00');
/*!40000 ALTER TABLE `orders` ENABLE KEYS */;
UNLOCK TABLES;

--
-- Table structure for table `products`
--

DROP TABLE IF EXISTS `products`;
/*!40101 SET @saved_cs_client     = @@character_set_client */;
/*!50503 SET character_set_client = utf8mb4 */;
CREATE TABLE `products` (
  `productID` int NOT NULL AUTO_INCREMENT,
  `productName` varchar(30) NOT NULL,
  `productType` varchar(10) DEFAULT NULL,
  `price` double DEFAULT NULL,
  `calories` bigint DEFAULT NULL,
  `ingredients` text,
  PRIMARY KEY (`productID`)
) ENGINE=InnoDB AUTO_INCREMENT=21 DEFAULT CHARSET=utf8mb4 COLLATE=utf8mb4_0900_ai_ci;
/*!40101 SET character_set_client = @saved_cs_client */;

--
-- Dumping data for table `products`
--

LOCK TABLES `products` WRITE;
/*!40000 ALTER TABLE `products` DISABLE KEYS */;
INSERT INTO `products` VALUES (1,'latte','beverage',7.84,310,'milk, cofee'),(2,'croissant','pastry',6.69,428,'flour, sugar, nuts'),(3,'tea','pastry',5.52,384,'tea, sugar'),(4,'cappuccino','pastry',6.79,307,'milk, coffee, sugar'),(5,'muffin','beverage',6.25,283,'flour, sugar, honey, chocolate, cinnamon'),(6,'espresso','beverage',8.49,144,'coffee'),(7,'scone','beverage',4.59,141,'flour, sugar, butter, eggs, lemons, fruit'),(8,'caramel macchiato','beverage',9.38,293,'milk, coffee, vanilla'),(9,'matcha latte','beverage',7.53,36,'tea, milk, sugar'),(10,'americano','beverage',9.93,407,'coffee'),(11,'bagel','beverage',11.88,67,'flour, cinnamon'),(12,'frappe','beverage',4.31,289,'coffee, tea, milk, sugar, whipped cream'),(13,'donut','beverage',5.81,192,'flour, nuts, fruit'),(14,'chai latte','beverage',5.44,364,'tea, milk, sugar'),(15,'strudel','pastry',7,154,'flour, sugar, honey, chocolate, cinnamon'),(16,'flat white','beverage',6.02,56,'coffee, milk'),(17,'panini','beverage',9.47,163,'flour, eggs, butter'),(18,'iced coffee','pastry',11.84,313,'coffee'),(19,'biscotti','pastry',8.59,401,'eggs, butter, fruits'),(20,'avocado toast','pastry',4.77,35,'bugger, fruits, honey');
/*!40000 ALTER TABLE `products` ENABLE KEYS */;
UNLOCK TABLES;

--
-- Table structure for table `schedule`
--

DROP TABLE IF EXISTS `schedule`;
/*!40101 SET @saved_cs_client     = @@character_set_client */;
/*!50503 SET character_set_client = utf8mb4 */;
CREATE TABLE `schedule` (
  `scheduleID` int NOT NULL AUTO_INCREMENT,
  `date` datetime DEFAULT NULL,
  `employeeID` int DEFAULT NULL,
  `role` text,
  `shift` text,
  `total_hours` double DEFAULT NULL,
  `start_time` text,
  `end_time` text,
  `overtime_hours` double DEFAULT NULL,
  PRIMARY KEY (`scheduleID`),
  KEY `employeeID_schedule_idx` (`employeeID`),
  CONSTRAINT `employeeID_schedule` FOREIGN KEY (`employeeID`) REFERENCES `employees` (`employeeID`) ON DELETE CASCADE ON UPDATE CASCADE
) ENGINE=InnoDB AUTO_INCREMENT=81 DEFAULT CHARSET=utf8mb4 COLLATE=utf8mb4_0900_ai_ci;
/*!40101 SET character_set_client = @saved_cs_client */;

--
-- Dumping data for table `schedule`
--

LOCK TABLES `schedule` WRITE;
/*!40000 ALTER TABLE `schedule` DISABLE KEYS */;
INSERT INTO `schedule` VALUES (1,'2023-11-19 00:00:00',41,'barista','night',0.72,'8:15 PM','8:38 AM',2.64),(2,'2024-01-16 00:00:00',8,'barista','day',7.27,'2:25 PM','3:02 AM',3.02),(3,'2024-08-02 00:00:00',18,'shift manager','day',3.1,'2:09 AM','6:25 PM',7.3),(4,'2024-07-13 00:00:00',13,'shift manager','day',1.74,'6:12 AM','10:49 PM',3.3),(5,'2024-05-03 00:00:00',9,'shift manager','day',7.67,'4:56 AM','10:26 AM',3.48),(7,'2024-10-10 00:00:00',2,'cashier','night',0.6,'7:40 PM','7:00 AM',1.26),(8,'2023-11-24 00:00:00',5,'barista','night',2.63,'6:53 AM','8:06 PM',0.96),(9,'2024-07-31 00:00:00',19,'shift manager','night',6.95,'9:12 PM','9:17 PM',2.98),(10,'2024-10-03 00:00:00',25,'shift manager','night',0.76,'2:54 AM','10:21 PM',7.31),(11,'2024-04-25 00:00:00',34,'cashier','day',2.5,'10:10 AM','9:20 PM',3.16),(13,'2024-05-25 00:00:00',26,'barista','day',7.22,'2:22 AM','8:12 AM',3.38),(14,'2024-06-07 00:00:00',17,'shift manager','night',1.97,'4:50 AM','12:59 PM',1.24),(15,'2024-06-22 00:00:00',31,'shift manager','night',0.94,'8:56 AM','2:17 PM',0.05),(16,'2024-10-23 00:00:00',4,'shift manager','night',2.53,'1:56 AM','6:11 AM',6.07),(17,'2024-03-26 00:00:00',43,'barista','night',0.46,'7:32 PM','11:11 AM',3.32),(18,'2024-06-02 00:00:00',23,'cashier','day',7.63,'9:42 PM','7:18 PM',7.36),(19,'2024-10-14 00:00:00',14,'barista','night',4.18,'9:10 AM','7:20 AM',6.68),(20,'2024-01-12 00:00:00',33,'barista','day',4.79,'8:37 AM','12:52 AM',2.3),(21,'2024-06-26 00:00:00',30,'shift manager','day',2.52,'7:31 PM','10:49 AM',5.62),(22,'2023-11-24 00:00:00',31,'shift manager','night',3.97,'12:59 PM','11:12 AM',6.51),(23,'2024-05-30 00:00:00',10,'cashier','day',5.49,'10:54 AM','1:17 AM',4.89),(24,'2024-05-22 00:00:00',28,'baker','night',6.82,'12:57 PM','7:26 PM',5.86),(25,'2024-02-09 00:00:00',30,'barista','day',2.89,'4:00 AM','4:05 PM',7.12),(26,'2024-04-25 00:00:00',23,'shift manager','night',0.68,'1:17 AM','1:53 PM',7.94),(27,'2024-06-02 00:00:00',15,'shift manager','day',1.94,'9:05 PM','5:24 AM',2.11),(28,'2023-11-13 00:00:00',21,'baker','night',0.99,'10:28 PM','4:09 PM',2.1),(29,'2024-04-25 00:00:00',16,'shift manager','night',0.56,'3:02 PM','8:13 PM',4.37),(30,'2024-09-08 00:00:00',33,'barista','day',6.58,'6:32 PM','4:57 PM',0.98),(31,'2024-09-03 00:00:00',38,'shift manager','day',3,'7:05 PM','12:16 AM',2.96),(32,'2024-07-15 00:00:00',21,'barista','day',4.03,'8:38 PM','12:49 AM',0.55),(33,'2024-06-21 00:00:00',45,'cashier','night',4.85,'11:45 PM','11:47 PM',0.82),(34,'2024-06-11 00:00:00',23,'barista','night',6.12,'8:09 PM','12:19 PM',1.75),(35,'2023-11-15 00:00:00',38,'cashier','night',2.49,'1:33 PM','8:47 AM',5.66),(36,'2024-01-22 00:00:00',10,'cashier','day',3.59,'3:31 PM','5:42 PM',7.34),(37,'2024-01-30 00:00:00',1,'cashier','day',5.55,'5:39 AM','12:06 PM',0.41),(38,'2023-12-26 00:00:00',15,'cashier','day',3.45,'4:08 PM','8:41 AM',6.85),(39,'2024-01-11 00:00:00',27,'barista','night',2.42,'4:21 AM','4:05 AM',0.32),(40,'2024-09-13 00:00:00',35,'barista','day',2.9,'11:43 AM','1:39 PM',7.88),(41,'2024-07-31 00:00:00',43,'cashier','day',4.34,'1:33 AM','6:55 AM',4.07),(42,'2024-03-28 00:00:00',4,'barista','day',6.1,'1:10 PM','11:03 AM',0.81),(43,'2024-07-17 00:00:00',23,'cashier','day',0.99,'4:59 PM','12:43 AM',1.26),(44,'2024-08-22 00:00:00',36,'shift manager','day',1.52,'6:15 PM','2:39 PM',2.22),(45,'2024-11-06 00:00:00',15,'barista','night',1.08,'9:00 PM','11:08 PM',0.63),(46,'2024-03-06 00:00:00',21,'barista','night',4.43,'6:07 PM','3:26 PM',7.71),(47,'2024-08-28 00:00:00',27,'shift manager','day',2.13,'12:03 PM','7:08 AM',5.4),(48,'2024-05-11 00:00:00',35,'shift manager','night',6.11,'7:40 PM','2:29 AM',7.34),(49,'2024-08-12 00:00:00',32,'baker','day',6.05,'9:51 PM','4:17 PM',4.51),(50,'2024-01-09 00:00:00',8,'shift manager','night',2.56,'9:32 PM','4:06 AM',5.67),(51,'2024-07-12 00:00:00',18,'baker','day',7.02,'12:09 AM','2:24 PM',4.07),(52,'2023-12-02 00:00:00',27,'shift manager','day',2.79,'3:52 PM','3:19 AM',4.26),(53,'2024-06-27 00:00:00',33,'barista','night',2.46,'12:24 PM','4:50 PM',2.99),(54,'2024-07-16 00:00:00',5,'shift manager','day',1.33,'9:27 PM','1:45 AM',0.7),(55,'2024-03-22 00:00:00',9,'cashier','night',0.17,'1:31 AM','11:01 AM',0.25),(56,'2024-04-05 00:00:00',15,'shift manager','night',0.99,'3:31 PM','9:58 AM',2.62),(57,'2024-05-30 00:00:00',39,'cashier','day',2.46,'9:38 AM','4:31 PM',3.44),(58,'2024-04-30 00:00:00',20,'baker','day',1.9,'5:54 PM','12:14 PM',1.92),(59,'2024-06-11 00:00:00',46,'baker','day',6.55,'9:06 PM','7:14 PM',0.74),(60,'2024-06-17 00:00:00',49,'baker','night',2.06,'12:56 AM','3:18 PM',3.96),(61,'2024-10-24 00:00:00',36,'barista','day',1.64,'2:25 PM','12:38 AM',4.78),(62,'2024-07-11 00:00:00',7,'cashier','night',6.63,'5:31 AM','9:38 AM',6.7),(63,'2024-08-25 00:00:00',17,'cashier','day',4.86,'2:32 AM','11:32 AM',2.6),(64,'2024-06-30 00:00:00',38,'shift manager','day',4.21,'4:51 PM','5:07 PM',3.51),(65,'2023-12-17 00:00:00',19,'baker','day',1.35,'7:05 PM','7:58 AM',4.76),(66,'2024-09-22 00:00:00',5,'baker','day',4.97,'12:26 PM','4:09 PM',2.06),(67,'2024-11-11 00:00:00',37,'baker','night',4.66,'12:56 PM','5:17 PM',4.81),(68,'2024-10-21 00:00:00',14,'barista','night',5.2,'7:51 PM','6:10 PM',6.22),(69,'2024-04-15 00:00:00',23,'barista','night',0.93,'6:10 PM','9:45 AM',1.96),(70,'2024-10-13 00:00:00',17,'baker','day',7.49,'4:19 PM','9:05 AM',4.17),(71,'2024-02-20 00:00:00',9,'baker','day',0.41,'2:05 PM','5:48 AM',7.58),(72,'2024-07-01 00:00:00',40,'baker','night',1.3,'12:53 PM','7:15 PM',7.29),(73,'2024-10-22 00:00:00',18,'cashier','night',2.82,'3:31 AM','6:29 AM',3.15),(74,'2024-01-22 00:00:00',28,'barista','night',4.49,'2:23 AM','6:46 PM',5.22),(75,'2023-12-21 00:00:00',27,'baker','day',2.63,'12:26 AM','7:52 PM',5.34),(76,'2023-12-15 00:00:00',37,'baker','day',2.19,'8:20 AM','4:17 AM',4.18),(77,'2024-05-04 00:00:00',21,'barista','day',0.05,'2:42 AM','9:51 AM',2.41),(78,'2023-12-11 00:00:00',7,'cashier','day',0.97,'10:51 AM','1:51 PM',5.04),(79,'2024-09-19 00:00:00',37,'baker','day',3.88,'9:52 AM','4:36 AM',7.14),(80,'2024-11-06 00:00:00',9,'baker','day',2.52,'2:12 AM','7:27 AM',1.12);
/*!40000 ALTER TABLE `schedule` ENABLE KEYS */;
UNLOCK TABLES;

--
-- Table structure for table `suppliers`
--

DROP TABLE IF EXISTS `suppliers`;
/*!40101 SET @saved_cs_client     = @@character_set_client */;
/*!50503 SET character_set_client = utf8mb4 */;
CREATE TABLE `suppliers` (
  `id` int NOT NULL AUTO_INCREMENT,
  `name` text,
  `contact` text,
  `product_provided` varchar(20) DEFAULT NULL,
  PRIMARY KEY (`id`),
  KEY `product_provided_idx` (`product_provided`),
  CONSTRAINT `product_provided` FOREIGN KEY (`product_provided`) REFERENCES `inventory` (`inventoryName`)
) ENGINE=InnoDB AUTO_INCREMENT=31 DEFAULT CHARSET=utf8mb4 COLLATE=utf8mb4_0900_ai_ci;
/*!40101 SET character_set_client = @saved_cs_client */;

--
-- Dumping data for table `suppliers`
--

LOCK TABLES `suppliers` WRITE;
/*!40000 ALTER TABLE `suppliers` DISABLE KEYS */;
INSERT INTO `suppliers` VALUES (1,'Brekke Group','829-801-6883','butter'),(2,'Orn and Sons','709-158-3607','vanilla'),(3,'Kuhn, Wolf and Schoen','353-676-8551','flour'),(4,'Jones Group','704-923-4768','tea'),(5,'Lockman-VonRueden','499-920-0786','eggs'),(6,'Huels-Swaniawski','748-134-9764','eggs'),(7,'Orn-Beahan','657-810-9688','milk'),(8,'Yost, Ullrich and Ruecker','970-452-6172','fruit'),(9,'Grant, Stehr and O\'Kon','903-924-5646','butter'),(10,'Doyle, Reynolds and Kshlerin','205-575-1392','nuts'),(11,'Morissette-Paucek','473-707-4019','vanilla'),(12,'Labadie, Harvey and Emmerich','789-816-6400','eggs'),(13,'Bartell-Collier','341-202-1586','nuts'),(14,'Crist Group','200-844-8197','chocolate'),(15,'Huel-Ebert','400-618-9976','utensils'),(16,'Huel Inc','779-966-0593','cinnamon'),(17,'Bashirian, Kutch and Muller','493-604-9443','chocolate'),(18,'Gorczany and Sons','806-637-1339','butter'),(19,'Sipes, Quitzon and Veum','998-835-4825','cups'),(20,'Bergnaum, Littel and Morar','689-765-9316','tea'),(21,'Barton, Corkery and Pacocha','731-235-9964','utensils'),(22,'Hintz and Sons','701-145-3629','cleaning supplies'),(23,'O\'Connell, Harber and Ernser','630-948-8494','eggs'),(25,'Collier-Parker','923-393-2996','milk'),(26,'Ward, Murazik and Swift','893-672-1464','utensils'),(27,'Will LLC','539-628-9753','butter'),(28,'Borer-Ryan','173-648-9546','coffee beans'),(29,'Glover-Roob','354-260-0111','flour'),(30,'Ziemann Group','989-498-1546','flour');
/*!40000 ALTER TABLE `suppliers` ENABLE KEYS */;
UNLOCK TABLES;

--
-- Dumping events for database 'cafe_db_riley'
--
/*!40103 SET TIME_ZONE=@OLD_TIME_ZONE */;

/*!40101 SET SQL_MODE=@OLD_SQL_MODE */;
/*!40014 SET FOREIGN_KEY_CHECKS=@OLD_FOREIGN_KEY_CHECKS */;
/*!40014 SET UNIQUE_CHECKS=@OLD_UNIQUE_CHECKS */;
/*!40101 SET CHARACTER_SET_CLIENT=@OLD_CHARACTER_SET_CLIENT */;
/*!40101 SET CHARACTER_SET_RESULTS=@OLD_CHARACTER_SET_RESULTS */;
/*!40101 SET COLLATION_CONNECTION=@OLD_COLLATION_CONNECTION */;
/*!40111 SET SQL_NOTES=@OLD_SQL_NOTES */;

-- Dump completed on 2024-11-30 13:27:20
